last_Name,first_Name,Email_Address,HomePhone,Street,City,State,Zipcode
curry,mary kate,wmppydaymaker@jumpstartlab.com,1509 jackson street,baltimore,md,21230,2023281000,N/A
cordova,sarah,tmai.202@jumpstartlab.com,5430 hesperus drive,columbia,md,21044,4109639000,N/A
dzara,greg,jmpender@jumpstartlab.com,122 park avenue,takoma park,md,20912,3012702000,N/A
chan,jacqueline,dpstrunn@jumpstartlab.com,4 delford ave,silver spring,md,20904,2022567000,N/A
macconnell,ann,suslandgurl@jumpstartlab.com,11025 graymarsh place,ijamsville,md,21754,5145448000,N/A
spitz,caitlin,guhn@jumpstartlab.com,4405 29th street,mount rainier,md,20712,2408998000,N/A
fea,megan,mball13@jumpstartlab.com,2908 old court road,baltimore,md,21208,4103820000,N/A
taylor,gena,kabbbbbnnnnnnn@jumpstartlab.com,11846 winterlong way,columbia,md,21044,4109086000,N/A
neer,jordan,oklerd52@jumpstartlab.com,7501 mayfair court,mount airy,md,21771,3014714000,N/A
bookstein,emma,vranaveytsman@jumpstartlab.com,6120 snowden's run,eldersburg,md,21784,3109024000,N/A
rios,laura,iltherine.durkin@jumpstartlab.com,705 colby ave.,takoma park,md,20912,2408930000,N/A
lam,abby,kdmes.paul89@jumpstartlab.com,p o box 346,garrett park,md,20896,2404780000,N/A
mathieson,edward,uwackett@jumpstartlab.com,5011 flanders ave.,kensington,md,20895,3014486000,N/A
stein,urs,oaycejc3@jumpstartlab.com,5217 elsmere ave.,bethesda,md,20814,3018285000,N/A
forrester,kris,fcuerra1@jumpstartlab.com,10233 farnham drive,bethesda,md,20814,3017676000,N/A
van beek,helene,vsckmajm@jumpstartlab.com,11501 regnid dr.,silver spring,md,20902,2027010000,N/A
dahan,jane,sfarrell@jumpstartlab.com,9802 holmhurst rd,bethesda,md,20817,3019103000,N/A
healey,vinicio,tyicastout@jumpstartlab.com,2800 ducall road,woodbine,md,21797,3019103000,N/A
farrell,peter,orll18@jumpstartlab.com,117 s van buren st,rockville,md,20850,3019103000,N/A
wolochow,emily,mjith.farrell@jumpstartlab.com,4413 everett st,kensington,md,20891,Bad number entry.,N/A
thibodeaux,viktoria,oiresch@jumpstartlab.com,3335 hewitt ave apt 302,silver spring,md,20906,2406711000,N/A
epstein,bill,iiomasem@jumpstartlab.com,2006 luzerne ave.,silver spring,md,20910,2406028000,N/A
de haven,etsu,xglackwell.tidline@jumpstartlab.com,2616 colston drive,chevy chase,md,20815,2404780000,N/A
hardy,kathryn,vsilliard@jumpstartlab.com,4400 cambria avenue,garrett park,md,20896,3019227000,N/A
young,max,mbrena.whitridge@jumpstartlab.com,5912 somerset rd.,riverdale,md,20737,3017870000,N/A
hayes,mariana,xvicia.normand@jumpstartlab.com,"6935 laurel ave, #201",takoma park,md,20912,7182906000,N/A
larkins,robert,gmssicacrivas@jumpstartlab.com,8094 ventnor road,pasadena,md,21122,4436184000,N/A
ojeh,sarah,bfkelly@jumpstartlab.com,8000 boteler lane appt 248a,college park,md,20742,4104743000,N/A
garrett,alex,taistin.sullivan@jumpstartlab.com,"",college park,md,20742,9084777000,N/A
udell,stephanie,ihtherinemhoffman@jumpstartlab.com,"10419 glen manor dr.,",bowie,md,20720,2024980000,N/A
frey,dea,ftuffman_k@jumpstartlab.com,401 rosemont ave,frederick,md,21701,6094254000,N/A
rizzo,joe,eooss_a@jumpstartlab.com,"",college park,md,20740,2405358000,N/A
panacionne,martina,dqkevill@jumpstartlab.com,po box 82,walkersville,md,21793,3018988000,N/A
beadle,null,ehdungan@jumpstartlab.com,628 barnes ave,westminster,md,21157,4108480000,N/A
stafne,ben,crerymac13@jumpstartlab.com,628 barnes ave,westminster,md,21157,4108480000,N/A
judge,audrie,rhfo8296@jumpstartlab.com,2084 old fridinger mill rd,westminster,md,21157,4108570000,N/A
young,annie,pqrl.stockman@jumpstartlab.com,2084 old fridinger mill rd,westminster,md,21157,4108570000,N/A
bauer,andrew,kpttri@jumpstartlab.com,3032 bird view rd,westminster,md,21157,4436054000,N/A
derek,elizabeth,myugg@jumpstartlab.com,3140 slippery elm ct,westminster,md,21157,4436044000,N/A
theve,kaitlin,pcthan.taylor05@jumpstartlab.com,5911 millrace ct,columbia,md,21045,Bad number entry.,N/A
evans-verret,chuck,qhrphy_jp@jumpstartlab.com,2748 old westminster pike,westminster,md,21048,4438231000,N/A
maurer,ali,bsicksam@jumpstartlab.com,60 pershing st,cumberland,md,21521,2405222000,N/A
huber,john,nileyd@jumpstartlab.com,60 pershing st,cumberland,md,21521,3016897000,N/A
ng,catherine,nhrtonwa@jumpstartlab.com,3512 woodbine st,chevy chase,md,20815,2406455000,N/A
calderado,dominika,jnyres@jumpstartlab.com,8000 boteler lane apt. 716,college park,md,20740,3013184000,N/A
morris,corey,wvz7y@jumpstartlab.com,8000 boteler lane apt. 716,college park,md,20740,3013184000,N/A
lally,nichol,xwckandahalf@jumpstartlab.com,15611 straughn drive,laurel,md,20707,2405931000,N/A
waisbren,andrew,xkectrae@jumpstartlab.com,"247-10 leonardtown hall, university of maryland",college park,md,20742,3013184000,N/A
chan,danielle,dqagles64@jumpstartlab.com,"6901 preinkert drive, apt. 6601c",college park,md,20740,5186510000,N/A
bates,sam,gver0030@jumpstartlab.com,"4215 centreville hall, university of maryland",college park,md,20742,8479428000,N/A
force,christina,jtessert@jumpstartlab.com,8000 boteler lane apt. 716,college park,md,20740,3013184000,N/A
huggenkiss,amelia,namcgaughey@jumpstartlab.com,8000 boteler lane,college park,md,20740,3013184000,N/A
zwicker,bart,assinclair10@jumpstartlab.com,1414 anna marie ct.,annapolis,md,21409,4102124000,N/A
perez,keith,bjui172@jumpstartlab.com,8000 boteler lane,college park,md,20740,4105969000,N/A
moore,jessie,suowe@jumpstartlab.com,8000 boteler lane,college park,md,20740,3013184000,N/A
neal,nicole,yyrown47@jumpstartlab.com,1916 mt. royal terrace,baltimore,md,21217,8605502000,N/A
schiller,nicolas,hsrahmills.sullivan@jumpstartlab.com,4910 cumberland avenue,chevy chase,md,20815,3016545000,N/A
o'shaughnessy,ian,rwthomaswallace@jumpstartlab.com,628 barnes ave,westminster,md,21157,4102592000,N/A
burdiss,tracy,fok32@jumpstartlab.com,28 heather hill rd,catonsville,md,21228,4436177000,N/A
maccabe,tatiana,mrise.gabriel@jumpstartlab.com,1000 hilltop circle,baltimore,md,21250,3017856000,N/A
lepore,joe,uhenanova3@jumpstartlab.com,1000 hilltop circle,baltimore,md,21250,4437563000,N/A
peterson,will,if7233a@jumpstartlab.com,1000 hilltop circle,baltimore,md,21250,3016462000,N/A
somor,bryan,lwxiechick_heeler@jumpstartlab.com,1000 hilltop circle,baltimore,md,21250,4104195000,N/A
cine,andrew,frkeith@jumpstartlab.com,28 advocate hill dr,jarrettsville,md,21084,4435283000,N/A
stockman,jessica,ewmms711@jumpstartlab.com,1000 hilltop circle,baltimore,md,21250,4439383000,N/A
lumbert,jessica,tl@jumpstartlab.com,1000 hilltop circle,baltimore,md,21250,3019193000,N/A
placey,catherine,vflly@jumpstartlab.com,1000 hilltop circle,baltimore,md,21250,8452641000,N/A
hindes,elizabeth,nlristopherbentley@jumpstartlab.com,1000 hilltop circle,baltimore,md,21250,4104408000,N/A
phillips,shannon,yuhrenwerth@jumpstartlab.com,1000 hilltop circle,baltimore,md,21250,2023290000,N/A
kiener,gabriela,apaire.rosenkvist@jumpstartlab.com,1000 hilltop circle,baltimore,md,21250,4104093000,N/A
duncombe,ryan,hamp9321@jumpstartlab.com,1000 hilltop circle,baltimore,md,21250,2038042000,N/A
jenkins,katelyn,kqryan@jumpstartlab.com,p.o. box 15403,annapolis,md,21412,9522396000,N/A
two,david,mcmelhorn@jumpstartlab.com,14001 blazer lane,silver spring,md,20906,3019105000,N/A
gardner,william,xgc1@jumpstartlab.com,campus center 2527 16800 pt. lookout rd,st. mary's city,md,20686,4029904000,N/A
rush,francisco,siather.jennings@jumpstartlab.com,"campus center #1754, 16800 point lookout rd",st. mary's city,md,20686,2406201000,N/A
lapointe,leah,vbmzar@jumpstartlab.com,16800 point lookout rd.,st. mary's city,md,20686,2406201000,N/A
barrows,jessica,kphndoe13@jumpstartlab.com,16800 point lookout road,st mary's city,md,20686,2406201000,N/A
santiago,kaitlin,gflajagger@jumpstartlab.com,"campus center 2714, 16800 point lookout rd.",st. mary's city,md,20686,5038053000,N/A
tecleab,sophia,cicampbe@jumpstartlab.com,campus center 1346 16800 point lookout rd,st mary's city,md,20686,4103704000,N/A
oorthuys,robert,awndol_n@jumpstartlab.com,16800 point lookout road,st mary's city,md,20686,7178564000,N/A
mussehl,mollie,juworthy@jumpstartlab.com,"campus center #1067, 16800 point lookout road",laurel,md,20686,3019432000,N/A
lopez,allegra,qssminemerriweather@jumpstartlab.com,"campus center 1912, 16800 point lookout rd",st mary's city,md,20686,7034240000,N/A
bartlett,ginny,fuberly.sinclair@jumpstartlab.com,16800 point look road,st. mary's city,md,20686,5555555000,N/A
oliver,katya,pemoba6@jumpstartlab.com,16800 point lookout rd,st marys city,md,20686,5555555000,N/A
tyson,laney,kaghav.goyal@jumpstartlab.com,16800 pt lookout rd,st. mary's city,md,20686,3213215000,N/A
foley,heather,ctohnson716@jumpstartlab.com,16800 point lookout rd,st marys city,md,20686,5555555000,N/A
redmond,rachel,tcreilly@jumpstartlab.com,16800 pt lookout rd,st. marys city,md,20686,3213215000,N/A
moss,ragini,yusse.d.fries@jumpstartlab.com,16800 point lookout rd,st marys city,md,20686,5555555000,N/A
hillman,kadie,agara_wright@jumpstartlab.com,16800 point lookout rd,st marys city,md,20686,5555555000,N/A
schy,erin,rjchel.howson@jumpstartlab.com,16800 pt lookout rd,st. marys city,md,20686,3213215000,N/A
nutter-upham,aida,guazar@jumpstartlab.com,16800 point lookout rd,st marys city,md,20686,5555555000,N/A
jones,zach,olffj@jumpstartlab.com,16800 pt lookout rd,st. mary's city,md,20686,3213215000,N/A
waldo,teen,vf9gw@jumpstartlab.com,16800 point lookout rd,st marys city,md,20686,5555555000,N/A
migliorini,lindsay,jk2184a@jumpstartlab.com,16800 pt lookout rd,st. mary's city,md,20686,3213215000,N/A
seeliger,rebecca,yocoburn@jumpstartlab.com,16800 point lookout rd,st marys city,md,20686,5555555000,N/A
dulys-nusbaum,jessica,nvimslopez@jumpstartlab.com,16800 pt lookout rd,st. mary's city,md,20686,3213215000,N/A
peeler,stacy,tarta.musial@jumpstartlab.com,16800 point lookout rd,st marys city,md,20686,5555555000,N/A
peterson,linda,qaarren@jumpstartlab.com,16800 pt lookout rd,st. mary's city,md,20686,3213215000,N/A
hoh,brandon,hleyew@jumpstartlab.com,16800 point lookout rd,st marys city,md,20686,5555555000,N/A
rodriguez,katie,kkhorn@jumpstartlab.com,16800 point lookout rd.,st. mary's city,md,20686,3213215000,N/A
bender,nora,jxhnathon.daniel@jumpstartlab.com,16800 point lookout rd,st marys city,md,20686,5555555000,N/A
kuria,courtney,vlk58@jumpstartlab.com,16800 point lookout rd,st marys city,md,20686,5555555000,N/A
collier,sara,xbenybn@jumpstartlab.com,16800 point lookout rd,st marys city,md,20686,5555555000,N/A
thai,laura,oally.sharrow@jumpstartlab.com,16800 point lookout rd,st marys city,md,20686,5555555000,N/A
fink,john,stiorio@jumpstartlab.com,16800 point lookout rd.,st. mary's city,md,20686,3213215000,N/A
chase,myriam,jevesayj@jumpstartlab.com,16800 point lookout rd,st marys city,md,20686,5555555000,N/A
bradley,chris,chehli.1@jumpstartlab.com,16800 point lookout rd.,st. mary's city,md,20686,3213215000,N/A
warren,danielle,okwhiteman@jumpstartlab.com,16800 point lookout rd,st marys cityq,md,20686,5555555000,N/A
kearney,lisa,vkeygordon@jumpstartlab.com,16800 point lookout rd,st marys city,md,20686,5555555000,N/A
stoneking,gabrielle,jostilllusesabeeper@jumpstartlab.com,16800 point lookout rd,st marys city,md,20686,5555555000,N/A
hall,jake,ifinero@jumpstartlab.com,16800 point lookout rd.,st. mary's city,md,20686,4029904000,N/A
ebersole,bret,yhsloa08@jumpstartlab.com,16800 point lookout rd,st marys city,md,20686,5555555000,N/A
houghton,nell,vjm2865@jumpstartlab.com,16800 point lookout rd.,st. mary's city,md,20686,4029904000,N/A
wein,robert,yahrison@jumpstartlab.com,16800 point lookout rd,st marys city,md,20686,5555555000,N/A
lopez,ashley,vermideo@jumpstartlab.com,16800 point lookout rd,st marys city,md,20686,5555555000,N/A
jahne,john,qyieff@jumpstartlab.com,16800 point lookout rd,st marys city,md,20686,5555555000,N/A
moskowitz,hannah,rbolley@jumpstartlab.com,16800 point lookout rd.,yhfh,md,20686,4029904000,N/A
reay,tony,uxffret@jumpstartlab.com,16800 point lookout rd,st marys city,md,20686,5555555000,N/A
baker,eliza,ykvinga@jumpstartlab.com,ms 2361 loyola college 4501 north charles st,baltimore,md,21210,9086982000,N/A
fowler,natalie,netite_nombre@jumpstartlab.com,ms 2361 4501 n charles st,baltimore,md,21210,9086982000,N/A
davies,william,rxowden3@jumpstartlab.com,ms 2361 4501 n. charles st,baltimore,md,21210,9086982000,N/A
null,sarah,rcverburg@jumpstartlab.com,ms 2361 4501 n. charles st,baltimore,md,21210,9086982000,N/A
donnelly,jennifer,qxaschreck@jumpstartlab.com,2361 4501 n. charles st,baltimore,md,21210,9086982000,N/A
sullivan,shelby,bereenberg@jumpstartlab.com,ms 2361 4501 n charles st,baltimore,md,21210,6312912000,N/A
evans,courtney,agatsfunny1688@jumpstartlab.com,ms 3356 loyola college 4501 n charles st,baltimore,md,21210,4103702000,N/A
hunter,wendy,elgerow@jumpstartlab.com,ms 2361 4501 n charles st,baltimore,md,21210,9087525000,N/A
ter kuile,lance,yboaks@jumpstartlab.com,124,baltimore,md,21210,6318735000,N/A
whitney,chris,bcisher@jumpstartlab.com,456,baltimore,md,21210,4103702000,N/A
mccusker,null,papokuag@jumpstartlab.com,"1519 east falkland ln, apt 154",silver spring,md,20910,5082748000,N/A
richards,minrose,klsheac@jumpstartlab.com,"5215 centreville hall, university of maryland",college park,md,20742,6179353000,N/A
kolodin,diana,mqrosent@jumpstartlab.com,4226a guilford dr,college park,md,20817,3017872000,N/A
balinsky-baker,kevin,xlarab1@jumpstartlab.com,7600 flower ave.,takoma park,md,20912,9145844000,N/A
herman,richard,xb@jumpstartlab.com,1001 kennebec ave.,takoma park,md,20912,7322997000,N/A
embick,michael,sdfonteyne@jumpstartlab.com,7600 flower ave.,"takoma park,",md,20912,9136871000,N/A
litzenberg,x,bfoseen@jumpstartlab.com,15144 red cedar dr.,burtonsville,md,20866,2403508000,N/A
stachowski,melissa,dnhimjolly@jumpstartlab.com,15144 red cedar dr.,burtonsville,md,20866,3015189000,N/A
becker,dani,uxch.hastings@jumpstartlab.com,7600 flower ave.,takoma park,md,20912,2403869000,N/A
lister,milton,dqingold@jumpstartlab.com,7600 flower ave.,takoma park,md,20912,3018914000,N/A
voutour,laura,tuyrotenberg@jumpstartlab.com,2 p plateau pl,greenbelt,md,20770,3014740000,N/A
svoboda,jessica,vxitkens724@jumpstartlab.com,4501 n charles st. ms 2700,baltimore,md,21210,8608106000,N/A
doe,jesse,gsaddario@jumpstartlab.com,1304 peaceful lane,silver spring,md,20904,7174482000,N/A
slote,sheila,gdristina.holland@jumpstartlab.com,8252 sandy stream road,laurel,md,20723,3019741000,N/A
doe,daniel,iicmseac@jumpstartlab.com,7951 15th ave #201,hyattsville,md,20783,3013184000,N/A
hopkins,katie,gbnichol@jumpstartlab.com,11819 stoney batter road,kingsville,md,21087,4105928000,N/A
letcheva,laney,pdisb_nuggs@jumpstartlab.com,1401 potomac ave,hagerstown,md,21742,8459887000,N/A
see,carl,fuoungma@jumpstartlab.com,247-09d leonardtown,college park,md,20740,6785710000,N/A
borick,matthew,gclue-hitchens11@jumpstartlab.com,247-09-c new leonardtown,college park,md,20742,3013469000,N/A
kauffman,alexis,ctnteyj@jumpstartlab.com,3339 n. charles st.,baltimore,md,21218,6173650000,N/A
san roman,whitney,fgoore@jumpstartlab.com,2 w. university pkwy,baltimore,md,21218,6173650000,N/A
tran,eleanor,tiperchick447@jumpstartlab.com,6010 california cir 114,rockville,md,20852,6173650000,N/A
sibelman,ben,kntsosj@jumpstartlab.com,712 montpelier,baltimore,md,21218,6173650000,N/A
thatcher,isabelle,dybosem@jumpstartlab.com,3339 n. charles,baltimore,md,21218,6173650000,N/A
gent,liana,eggordon@jumpstartlab.com,3900 halstead,baltimore,md,21218,6173650000,N/A
bissessar,jessica,kkazirak@jumpstartlab.com,110 w. 39th,baltimore,md,21210,6173650000,N/A
matthews,jake,feaversnob@jumpstartlab.com,3501 st. paul,baltimore,md,21218,6173650000,N/A
xx,stephen,tull31@jumpstartlab.com,3339 n charles,baltimore,md,21218,6173650000,N/A
boyle,laura,vvaterma@jumpstartlab.com,110 w 39th,baltimore,md,21210,6173650000,N/A
westwood,john,ngelacolwell@jumpstartlab.com,3301 n charles st.,baltimore,md,21218,6173650000,N/A
webster,laura,ows_braun@jumpstartlab.com,3003 n charles st,baltimore,md,21218,6173650000,N/A
smith,cassidy,vxurengill@jumpstartlab.com,3003 n charles st,baltimore,md,21218,6173650000,N/A
khouang,sherry,ceanzet@jumpstartlab.com,x,x,md,21216,3016131000,N/A
caldwell,keonna,lwlarali@jumpstartlab.com,x,x,md,21216,3016131000,N/A
student,meghan,txancourt@jumpstartlab.com,x,x,md,21216,3016131000,N/A
dutton,catherine,xfnnie.woldorf@jumpstartlab.com,x,x,md,21216,3016131000,N/A
sangha,philip,nmnes4re@jumpstartlab.com,x,x,md,21216,3016131000,N/A
d'addario,neha,wyusecc@jumpstartlab.com,x,x,md,21216,3016131000,N/A
kurs,russell,rnloe.sackett@jumpstartlab.com,x,x,md,21216,3016131000,N/A
rizzo,aditi,odenajean@jumpstartlab.com,x,x,md,21216,3016131000,N/A
zahorian,meredith,ypebee3000@jumpstartlab.com,x,x,md,21216,3016131000,N/A
thompson,heather,rdm327@jumpstartlab.com,x,x,md,21216,3016131000,N/A
howard,null,uqlitzen@jumpstartlab.com,"247-10 leonardtown, university of maryland",college park,md,20742,5089549000,N/A
sanders,jessica,uvsorens@jumpstartlab.com,x,x,md,21216,3016131000,N/A
phillips,melanie,hdaggio@jumpstartlab.com,x,x,md,21216,3016131000,N/A
smedick,alicia,saoy3333@jumpstartlab.com,x,x,md,21216,3016131000,N/A
mershon,caroline,ny@jumpstartlab.com,x,x,md,21216,3016131000,N/A
sprinzen,michael,jyica.borgeswallace@jumpstartlab.com,x,x,md,21216,3016131000,N/A
hoffbeck,sandddd,nrllinsj4@jumpstartlab.com,x,x,md,21216,3016131000,N/A
derwin,holly,tcephanie.j.gardner@jumpstartlab.com,x,x,md,21216,3016131000,N/A
downing,diana,sdhaw1@jumpstartlab.com,x,x,md,21216,3016131000,N/A
waldman,sarah,cychelleighguillory@jumpstartlab.com,x,x,md,21216,3016131000,N/A
bell,mary,cfeckerp@jumpstartlab.com,x,x,md,21216,3016131000,N/A
hawes,bridget,lsmery@jumpstartlab.com,x,x,md,21216,3016131000,N/A
cruickshank,philip,plerris@jumpstartlab.com,x,x,md,21216,3016131000,N/A
kohnstamm,robert,ruood1988@jumpstartlab.com,x,x,md,21216,3016131000,N/A
law,jason,agle_rosenblad@jumpstartlab.com,x,x,md,21216,3016131000,N/A
owens,eric,moilema1@jumpstartlab.com,x,x,md,21216,3016131000,N/A
dennis,jillian,urchnibe@jumpstartlab.com,x,x,md,21216,3016131000,N/A
pedicone,christie,ixhndoe3@jumpstartlab.com,x,x,md,21216,3016131000,N/A
lane,marcellus,nuttydus@jumpstartlab.com,x,x,md,21216,3016131000,N/A
miller,valencia,dpaaaaaaaaa@jumpstartlab.com,x,x,md,21216,3016131000,N/A
parry,elizabeth,acombard@jumpstartlab.com,x,x,md,21216,3016131000,N/A
gill,juliet,tqnniferkrill@jumpstartlab.com,x,x,md,21216,3016131000,N/A
howell-dinger,catherine,arnneryis007@jumpstartlab.com,x,x,md,21216,3016131000,N/A
marchessault,andrea,ord9@jumpstartlab.com,x,x,md,21216,3016131000,N/A
mendez,jane,natowel@jumpstartlab.com,x,x,md,21216,3016131000,N/A
ray-mazumder,j,tmclaibo@jumpstartlab.com,x,x,md,21216,3016131000,N/A
finkel,lea,reanelle.dugan@jumpstartlab.com,x,x,md,21216,3016131000,N/A
lynch,whitney,ahccernsv@jumpstartlab.com,x,x,md,21216,3016131000,N/A
moynahan,michael,hkianhalprin@jumpstartlab.com,x,x,md,21216,3016131000,N/A
webster,james,vouljosephpark@jumpstartlab.com,x,x,md,21216,3016131000,N/A
carodenuto,catherine,rcura.lipinski@jumpstartlab.com,x,x,md,21216,3016131000,N/A
heinichen,francesca,lynfranklin@jumpstartlab.com,x,x,md,21216,3016131000,N/A
shapiro,elise,aesout08@jumpstartlab.com,x,x,md,21216,3016131000,N/A
van eck,andreah,qxcthruhiker17@jumpstartlab.com,x,x,md,21216,3016131000,N/A
wright,marci,rbrie.stratton@jumpstartlab.com,x,x,md,21216,3016131000,N/A
skaggs,mary,ijlldurrett@jumpstartlab.com,x,x,md,21216,3016131000,N/A
coleman,lorenzo,jjaslett@jumpstartlab.com,x,x,md,21216,3016131000,N/A
colehor,andrew,gjlupkin@jumpstartlab.com,x,x,md,21216,3016131000,N/A
laird,beth,umt24@jumpstartlab.com,x,x,md,21216,3016131000,N/A
dooley-feldman,arielle,kkccrory@jumpstartlab.com,x,x,md,21216,3016131000,N/A
maloney,katherine,rcng2106@jumpstartlab.com,x,x,md,21216,3016131000,N/A
uzuki,rebecca,gkpagecolby@jumpstartlab.com,x,x,md,21216,3016131000,N/A
brown,georgia,pikeali27@jumpstartlab.com,x,x,md,21216,3016131000,N/A
griffin,euric,rcll32@jumpstartlab.com,x,x,md,21216,3016131000,N/A
jones,natalie,korkson.allegra@jumpstartlab.com,x,x,md,21216,3016131000,N/A
reese,stacy,yohley.leclare@jumpstartlab.com,x,x,md,21216,3016131000,N/A
bolton,charles,tfedina4@jumpstartlab.com,1010 s. kenwood ave.,baltimore,md,21224,8143973000,N/A
atcheson,tarini,xkracken@jumpstartlab.com,8945 footed ridge,columbia,md,21045,4109920000,N/A
marden,jamie,assse.d.jenkins@jumpstartlab.com,"4230 knox road, apt. 1530",college park,md,20742,4432579000,N/A
repka,lillian,nywaibi@jumpstartlab.com,3109 cambridge,college park,md,20742,2404260000,N/A
weinstein,natalie,xuwilburn11@jumpstartlab.com,"247-9 leonardtown hall, university of maryland",college park,md,20742,2404010000,N/A
cooper,nicholas,yyvidpcorrado@jumpstartlab.com,8000 boteler lane,college park,md,20740,9788444000,N/A
stewart,shannon,liarry@jumpstartlab.com,1000 hilltop circle,baltimore,md,21250,4102276000,N/A
manchada,melanie,gxudgens@jumpstartlab.com,1492 selworthy rd,potomac,md,20854,7183054000,N/A
frederick,steph,krott@jumpstartlab.com,8000 boteler lane apt #124a,college park,md,29740,4104585000,N/A
siegel,tamara,dingbodu@jumpstartlab.com,6905 donachie rd apt f,baltimore,md,21239,3012579000,N/A
jeff,jay,pmahlstr@jumpstartlab.com,303 e. burke rd apt c,towson,md,21286,3012579000,N/A
clancy,laurie,jk@jumpstartlab.com,3115-8 university blvd west,kensington,md,20895,3012579000,N/A
white,jane,fpikatri@jumpstartlab.com,8007 york rd apt c1,towson,md,21204,3012579000,N/A
brubaker,cara,tvnglese1@jumpstartlab.com,6121 centreville hall,college park,md,20742,3103704000,N/A
o'bryon,marcelino,jxrrieweikle@jumpstartlab.com,8000 boteler lane apt. 124,college park,md,20740,3022455000,N/A
wang,jessica,vwinsa02@jumpstartlab.com,11209 greenspring ave,lutherville,md,21093,4436297000,N/A
suzor,kirsten,hwiderc@jumpstartlab.com,4603 harvard rd.,college park,md,20740,4439942000,N/A
dougherty,amanda,ukmitch07@jumpstartlab.com,607 wilson ln,waldorf,md,20602,2402103000,N/A
griffard,x,skmbolger@jumpstartlab.com,6580 glendale place,la plata,md,20646,3012667000,N/A
williams,sarah,dvjaff07@jumpstartlab.com,14021 woodlings lane,reisterstown,md,21136,4436324000,N/A
brisbois,sarah,wqlee0808@jumpstartlab.com,3043 frisby st.,baltimore,md,21218,4436324000,N/A
santoro,kelly,auurtney.marie.davis@jumpstartlab.com,28 lee ave. apt. 303,takoma park,md,20912,2402054000,N/A
ogutu,alice,ury1@jumpstartlab.com,3327 charles st,fallston,md,21047,4436167000,N/A
fonda-bonardi,stephen,rilking_contradiction_27@jumpstartlab.com,3802 brewster circle,waldorf,md,20601,2403469000,N/A
pfeffer,jordan,xfanjarr@jumpstartlab.com,251 manor circle,takoma park,md,20912,2404614000,N/A
nayeem,hilary,lhavis@jumpstartlab.com,251 manor circle,takoma park,md,20912,3018141000,N/A
syrig,charlotte,wwedellstiles@jumpstartlab.com,6201 41st ave,hyattsville,md,20782,3013184000,N/A
reinauer,zachary,qrantiag@jumpstartlab.com,5218 centreville,college park,md,20742,3046045000,N/A
barker,emma,rcberger@jumpstartlab.com,2 bay tree lane,bethesda,md,20816,3013200000,N/A
zamudio,bradly,fyaronsmith@jumpstartlab.com,1102 somerset hall,college park,md,20742,4102180000,N/A
sager,megan,xglia.shindel@jumpstartlab.com,4227 oglethorpe st.,hyattsville,md,20781,5134172000,N/A
gupta,null,sxhndoe14@jumpstartlab.com,"1133 e west hwy, ste 319-w",silver spring,md,20910,8125523000,N/A
doe,meredith,uimenez@jumpstartlab.com,8000 travis ln,college park,md,20740,3012529000,N/A
fencl,zach,smtak@jumpstartlab.com,"8204 baltimore ave, apt 718b",college park,md,20740,5136803000,N/A
zimmer,brandon,mmockc6@jumpstartlab.com,401 rosemont ave.,frederick,md,21701,7327798000,N/A
lazarowski,paul,qnudmer@jumpstartlab.com,17714 meetinghouse rd,sandy spring,md,20860,3013790000,N/A
august,shane,anhilips@jumpstartlab.com,1012 heather ave,takoma park,md,20912,3018912000,N/A
barns,leslie,ufoff@jumpstartlab.com,24 jermae st,thurmont,md,21788,2406261000,N/A
parker,scott,qhuer321@jumpstartlab.com,19308 alderbarn ct,brookeville,md,20833,2022701000,N/A
patrick,shannon,foshankland@jumpstartlab.com,4 vallingby circle,rockvile,md,20850,2407500000,N/A
haskell,sophia,gbffb_123@jumpstartlab.com,14-n laurel hill road,greenbelt,md,20770,3014740000,N/A
arnold,rose,oqenville@jumpstartlab.com,6 middlebridge ct,silver spring,md,20906,3012337000,N/A
dickson,alison,xoolloway10@jumpstartlab.com,8158 inverness ridge road,potomac,md,20854,3012995000,N/A
xx,eliza,wqrah.mary89@jumpstartlab.com,11713 charen lane,potomac,md,20854,3019832000,N/A
chronis,kirsten,frmooski@jumpstartlab.com,10584 hunters way,laurel,md,20723,3016174000,N/A
dewolf,dominique,xwh001@jumpstartlab.com,9407 worth ave,silver spring,md,20901,3015880000,N/A
wetherill,sam,fyvegetarian@jumpstartlab.com,10823 margate road,silver spring,md,20901,2404856000,N/A
comer,x,iaivings@jumpstartlab.com,3708 underwood rd,chevy chase,md,20815,2406728000,N/A
roy,katie,dhigsi01@jumpstartlab.com,6201 41st ave,hyattsville,md,20782,2063722000,N/A
avendano,jessica,ruoore10@jumpstartlab.com,1814 august dr,silver spring,md,20902,3017875000,N/A
marquis,lauren,fqenshen@jumpstartlab.com,2103 hermitage road,wheaton,md,20902,3018303000,N/A
spero,michael,dcna.kuhnline@jumpstartlab.com,8905 sudbury road,silver spring,md,20901,3018019000,N/A
theden,liam,psmcgrew@jumpstartlab.com,2217 link road,silver spring,md,20905,3014211000,N/A
siegler,stephanie,npmaho06@jumpstartlab.com,6905 pineway ave,university park,md,20782,2406027000,N/A
wofford,ruth,paallmeyer@jumpstartlab.com,7423 lynnhurst street,chevy chase,md,20815,2404971000,N/A
schwaneke,jane,fjh224@jumpstartlab.com,310 crabb avenue,rockville,md,20850,3012197000,N/A
tedrow,sajeewa,gerumber@jumpstartlab.com,7710 iron forge court,derwood,md,20855,3017606000,N/A
mccall,rhiannon,plgermal@jumpstartlab.com,4111 elkton hall,college park,md,20742,3014667000,N/A
queen,shannen,kjinda.manglik@jumpstartlab.com,4105 alfalfa terrace,olney,md,20832,3017749000,N/A
smith,meg,jy379@jumpstartlab.com,5024 berwyn road,college park,md,20740,3013184000,N/A
lkjklljlkj,arden,hslftylerblue@jumpstartlab.com,3106 dorchester hall,college park,md,20742,2402529000,N/A
baker,kara,cms.bischoff@jumpstartlab.com,7600 flower ave.,takoma park,md,20912,2408884000,N/A
catellacci,genevieve,gyura.kriegel@jumpstartlab.com,6109 hagerstown hall,college park,md,20742,3013184000,N/A
gromisch,eliza,lqmoresch@jumpstartlab.com,8241 black hawk court,frederick,md,21701,3016761000,N/A
tale,dordt,qxope@jumpstartlab.com,5104 denton hall,college park,md,20742,4107107000,N/A
rueter,christian,xlean@jumpstartlab.com,224 onley road #103-a,salisbury,md,21804,2404980000,N/A
gosse,sarah,bsore@jumpstartlab.com,7600 flower ave.,takoma park,md,20912,3042795000,N/A
brummel,austin,lpldor_a@jumpstartlab.com,8000 boteler lane,college park,md,20740,3013184000,N/A
kolb,joseph,avdisido@jumpstartlab.com,8000 boteler lane,college park,md,20740,3013184000,N/A
holleb,seth,ouitlinef324@jumpstartlab.com,"4226 guilford drive, apt a",college park,md,20740,3019103000,N/A
holdaway,jordan,ekazanec@jumpstartlab.com,8133 hagerstown hall,college park,md,20742,3015239000,N/A
gladfelter,lorena,ylnjen3323@jumpstartlab.com,2 college hill,westminster,md,21157,3012040000,N/A
rawstron,ben,xjpivey@jumpstartlab.com,6201 41st ave,hyattsville,md,20782,3193504000,N/A
butler,laura,drcyprian@jumpstartlab.com,247-9c new leonardtown,college park,md,20742,3013184000,N/A
sorenson,jake,pqowen09@jumpstartlab.com,4902 cherokee street,college park,md,20740,3017127000,N/A
wolfson,kyle,gjethin@jumpstartlab.com,4004 32nd st,mount rainier,md,20712,2022220000,N/A
spence,kerry,cghsjp@jumpstartlab.com,7400 columbia ave,college park,md,20740,4103031000,N/A
aungst,dan,vmrthsaver@jumpstartlab.com,12545 catalina drive,lusby,md,20657,5034758000,N/A
